Noise Type,Video Category,Video Name,Average PSNR,Average SSIM,Average VIF,Average Processing Time (ms),Frames Per Second (FPS)
SaltPepper,Hammering,v_Hammering_g19_c04.avi,29.17523387344525,0.563275340531942,0.6434153706839915,3.794900486978252,263.51152116672904
SaltPepper,Fencing,v_Fencing_g03_c04.avi,28.568139258221827,0.786120758852985,0.6261168426655709,3.8073849170765977,262.64746585376093
SaltPepper,SkateBoarding,v_SkateBoarding_g08_c05.avi,28.13625014094253,0.7693498111408389,0.6285125475238871,3.8048205552277743,262.8244842259415
SaltPepper,PizzaTossing,v_PizzaTossing_g18_c01.avi,29.004506266837712,0.6060787274369441,0.6929536489424882,3.8909978336758084,257.00348413078
SaltPepper,ThrowDiscus,v_ThrowDiscus_g08_c03.avi,28.365970602047167,0.47775715045913125,0.6094103325968203,3.7735628045123555,265.00155206220995
SaltPepper,ApplyEyeMakeup,v_ApplyEyeMakeup_g04_c02.avi,28.390348962104547,0.6422498546874171,0.5740590253562639,3.814747839262991,262.1405246521353
SaltPepper,Mixing,v_Mixing_g02_c05.avi,28.718269464430318,0.695596547005855,0.6398347559812907,3.791229144946949,263.76669986640786
SaltPepper,PlayingViolin,v_PlayingViolin_g13_c03.avi,28.217521231966224,0.586750358103326,0.6507484819306883,3.7354106126829634,267.7081862445502
SaltPepper,LongJump,v_LongJump_g25_c03.avi,30.410512008501268,0.7827130382237133,0.6757742402243749,3.8464231006169722,259.9817996724277
SaltPepper,CliffDiving,v_CliffDiving_g03_c01.avi,29.932920323612827,0.7637018664735369,0.7845867289149243,3.8287199061849844,261.18390075612
SaltPepper,VolleyballSpiking,v_VolleyballSpiking_g07_c05.avi,29.327489441924424,0.7529953373500007,0.5290521757547245,3.753789635591729,266.39745352761753
SaltPepper,TrampolineJumping,v_TrampolineJumping_g14_c02.avi,29.141449641628625,0.70531015795472,0.7215570427444824,3.846646396353776,259.9667078699765
SaltPepper,SoccerJuggling,v_SoccerJuggling_g23_c02.avi,31.498954808985854,0.769797941084687,0.671370605379343,3.740458687146505,267.34689075335655
SaltPepper,HighJump,v_HighJump_g08_c02.avi,28.729002217295005,0.6218998308062348,0.6255330142811832,3.7899180355235043,263.8579490708878
SaltPepper,Surfing,v_Surfing_g20_c06.avi,29.87477776511621,0.843772372826989,0.6412941268051914,3.7490023609293934,266.73762876801595
SaltPepper,TennisSwing,v_TennisSwing_g17_c03.avi,30.131678671960074,0.8118171736770321,0.6575893052190328,3.7718951273307524,265.1187178440106
SaltPepper,BaseballPitch,v_BaseballPitch_g11_c01.avi,29.317005983150086,0.7608757481615555,0.658683530986309,3.7906513764308047,263.806903008205
SaltPepper,Swing,v_Swing_g21_c05.avi,29.46095765838691,0.7787129353855873,0.6765787275276374,3.8172724235117137,261.9671558782924
SaltPepper,Rowing,v_Rowing_g20_c04.avi,29.161516731113288,0.7385063940787752,0.6873487387996873,3.7590413311727686,266.0252739727163
SaltPepper,JavelinThrow,v_JavelinThrow_g14_c03.avi,28.528345080186618,0.580683571630859,0.6670772643650279,3.7839973674100986,264.2707969652831
SaltPepper,BlowDryHair,v_BlowDryHair_g03_c01.avi,29.102074096115143,0.7852111836608976,0.6821423547680368,3.831412721786821,261.00033397958737
SaltPepper,PlayingFlute,v_PlayingFlute_g21_c03.avi,29.12736835811996,0.7393275606481472,0.6523913448965045,3.8040785722329584,262.87574796674335
SaltPepper,PullUps,v_PullUps_g10_c02.avi,30.062418535712165,0.8234136049950259,0.6817175828652575,3.7930370066207266,263.6409816868396
SaltPepper,ParallelBars,v_ParallelBars_g15_c02.avi,28.56432602774219,0.5912784017175979,0.6589440222444205,3.795546498791925,263.466670825476
SaltPepper,PlayingDhol,v_PlayingDhol_g04_c04.avi,29.867930566250017,0.7693769840786383,0.6067611106700851,3.7617225136490053,265.83566341525926
SaltPepper,Diving,v_Diving_g08_c05.avi,29.17512467220669,0.7422622731812443,0.6604297203402365,3.807890799737746,262.6125728366137
SaltPepper,Punch,v_Punch_g16_c05.avi,28.934731144612414,0.7928341517426966,0.6291039220492045,3.8300299644470215,261.0945630406784
SaltPepper,SalsaSpin,v_SalsaSpin_g06_c05.avi,30.14810128490215,0.8108783936357803,0.6871505790127965,3.7987275037936823,263.2460472622288
SaltPepper,ApplyLipstick,v_ApplyLipstick_g21_c03.avi,28.754151061361576,0.7606914961771039,0.6106903719735313,3.7796047184017154,264.5779319544481
SaltPepper,PlayingTabla,v_PlayingTabla_g11_c03.avi,29.50531301634158,0.7794003662298917,0.6566886232610334,3.8131161739951684,262.25269684145405
SaltPepper,CuttingInKitchen,v_CuttingInKitchen_g14_c04.avi,28.28912766007502,0.5927210530113485,0.5757790329504986,3.7698648413833307,265.26149930432405
SaltPepper,HandstandWalking,v_HandstandWalking_g19_c04.avi,29.00465617709976,0.6142338550776255,0.5733058784241066,3.770144362198679,265.2418326540733
SaltPepper,PushUps,v_PushUps_g04_c01.avi,29.489881826068082,0.8007332346570367,0.6128653235487885,3.7715828025734033,265.1406723240137
SaltPepper,PlayingDaf,v_PlayingDaf_g06_c03.avi,28.724981210138647,0.6547108917785728,0.5989272785037288,3.774495707783953,264.93605435495664
SaltPepper,PlayingSitar,v_PlayingSitar_g23_c06.avi,29.213390266381428,0.6514660928561484,0.677441164815625,3.7979123700490147,263.3025469166089
SaltPepper,HandstandPushups,v_HandStandPushups_g03_c04.avi,28.387564950587407,0.6367671983641795,0.5959707999229431,3.814671380179269,262.14577884635645
SaltPepper,FieldHockeyPenalty,v_FieldHockeyPenalty_g17_c04.avi,30.474086203741816,0.8481033155304658,0.7389778394296945,3.8177651095103067,261.93334878275607
SaltPepper,Haircut,v_Haircut_g19_c03.avi,28.300480125329422,0.7190937490960363,0.589081697165966,3.838608041405678,260.5110991310812
SaltPepper,CleanAndJerk,v_CleanAndJerk_g25_c03.avi,30.181016973701624,0.8339047867967775,0.6491808971533408,3.764808177947998,265.61778256257617
SaltPepper,UnevenBars,v_UnevenBars_g16_c04.avi,28.36712032203589,0.6257167839705532,0.6590173602104187,3.787078857421875,264.05576372940084
SaltPepper,BoxingPunchingBag,v_BoxingPunchingBag_g01_c06.avi,29.210374564994577,0.7366341932746591,0.6218672543764114,3.8025786237018866,262.9794407844432
SaltPepper,PlayingCello,v_PlayingCello_g22_c01.avi,28.576309097179298,0.7386897011339933,0.6045079150088566,3.790916635832434,263.78844381536067
SaltPepper,Nunchucks,v_Nunchucks_g01_c02.avi,28.472170107039826,0.6968464645755832,0.698753369037219,3.8945784513977753,256.7671989355092
SaltPepper,FloorGymnastics,v_FloorGymnastics_g10_c05.avi,29.14816067942735,0.5896675529554732,0.6703972868503086,3.777517212761773,264.72414119561137
SaltPepper,Bowling,v_Bowling_g13_c05.avi,29.860141946542164,0.7943827757165954,0.6487642331658122,3.7886093710070456,263.9490910972939
SaltPepper,CricketBowling,v_CricketBowling_g07_c01.avi,29.72272971668346,0.6194077316930601,0.5953021535506615,3.7770894857553334,264.7541192156909
SaltPepper,Biking,v_Biking_g21_c03.avi,29.806717955015667,0.7515211387833115,0.7068246998747841,3.8181699690271595,261.9055746894349
SaltPepper,BodyWeightSquats,v_BodyWeightSquats_g24_c01.avi,30.086116306996708,0.805004213130808,0.5926577474759973,3.7756909494814663,264.8521855681368
SaltPepper,HeadMassage,v_HeadMassage_g04_c02.avi,28.684353037007256,0.7810226988528313,0.6291640535706565,3.8111664000011625,262.38686403188666
SaltPepper,BalanceBeam,v_BalanceBeam_g04_c01.avi,28.296017561338147,0.5217606249594055,0.6708010385433832,3.8057327270507812,262.76148950032575
SaltPepper,Basketball,v_Basketball_g02_c03.avi,31.32449825250829,0.8172342457007215,0.6585461273789406,3.773306097303118,265.0195807635979
SaltPepper,PommelHorse,v_PommelHorse_g19_c03.avi,29.20340328838642,0.8160760476870013,0.615082578940524,3.785524931218889,264.16415640353824
SaltPepper,Typing,v_Typing_g24_c03.avi,28.60054875678754,0.6320416093370181,0.6296684477064345,3.7871367401546903,264.0517278917037
SaltPepper,HorseRace,v_HorseRace_g14_c03.avi,28.270917582452793,0.7288278452551472,0.6523034322730319,3.8029585342740386,262.9531694830572
SaltPepper,TaiChi,v_TaiChi_g07_c03.avi,29.50129327649646,0.6797796837054029,0.7690798103460792,3.807519611559416,262.6381744598389
SaltPepper,MilitaryParade,v_MilitaryParade_g25_c06.avi,29.534394701542844,0.7311179939598302,0.6933522844702248,3.800254527146254,263.14026938372876
SaltPepper,Archery,v_Archery_g02_c07.avi,29.204074010843893,0.7201474172277197,0.6683681381036,3.818723092596215,261.8676389337608
SaltPepper,MoppingFloor,v_MoppingFloor_g05_c02.avi,29.793764009423917,0.6979155653422959,0.6843273545133657,3.7678661017582336,265.4022125503242
SaltPepper,BenchPress,v_BenchPress_g17_c02.avi,29.224460807880895,0.7879163052872191,0.6244323726962594,3.7647450671476475,265.6222352812984
SaltPepper,PlayingGuitar,v_PlayingGuitar_g25_c03.avi,28.717197060197627,0.6439119727564798,0.5962388195991516,3.7632389068603516,265.7285452106186
SaltPepper,PlayingPiano,v_PlayingPiano_g18_c03.avi,28.016585158226,0.5937021210813672,0.6622358380762998,3.7483725666014616,266.7824455098577
SaltPepper,WritingOnBoard,v_WritingOnBoard_g17_c01.avi,27.997652876426486,0.7150203463563419,0.5604587030279767,3.7244584534194445,268.4954101399345
SaltPepper,BabyCrawling,v_BabyCrawling_g20_c01.avi,28.449442017313157,0.5686625936381039,0.6297658257100774,3.7715215792601136,265.1449763668533
SaltPepper,FrontCrawl,v_FrontCrawl_g19_c04.avi,29.128768966378004,0.749085665167964,0.6455665508906047,3.7952582041422525,263.48668422838045
SaltPepper,Rafting,v_Rafting_g19_c04.avi,28.460666889072055,0.5704677321341199,0.6345917942676138,3.7684491340150226,265.3611510830104
SaltPepper,RockClimbingIndoor,v_RockClimbingIndoor_g11_c03.avi,29.058782559893952,0.7094402793887253,0.6747874960214079,3.811325141769683,262.3759356137424
SaltPepper,JumpingJack,v_JumpingJack_g13_c05.avi,30.103647976171008,0.8054574694464315,0.6469702339663947,3.7926865607192837,263.66534222916374
SaltPepper,HorseRiding,v_HorseRiding_g20_c04.avi,30.36782577057517,0.736781902146883,0.7036035309539982,3.7892757017919623,263.90267657935163
SaltPepper,BrushingTeeth,v_BrushingTeeth_g25_c03.avi,28.60562353632026,0.6547736791753735,0.5725653783841567,3.745952519503507,266.95479849075645
SaltPepper,GolfSwing,v_GolfSwing_g17_c02.avi,28.7499982836614,0.7094213471183243,0.6733782577514649,3.8417510986328125,260.2979668193174
SaltPepper,IceDancing,v_IceDancing_g02_c02.avi,28.80045119911964,0.8177268358692775,0.6044052922063403,3.7487574986049106,266.75505160633816
SaltPepper,WallPushups,v_WallPushups_g17_c02.avi,28.541406436227543,0.6086916399635534,0.6300118157496819,3.8120783292330227,262.32409558100466
SaltPepper,PoleVault,v_PoleVault_g06_c05.avi,29.535715266037254,0.8021332421272118,0.6712220455591495,3.8057446479797363,262.76066643904915
SaltPepper,RopeClimbing,v_RopeClimbing_g19_c02.avi,28.893534091265234,0.8099622814026495,0.5981983946777923,3.7915051331994127,263.7474999687427
SaltPepper,SoccerPenalty,v_SoccerPenalty_g24_c05.avi,29.310753633086225,0.5913199065001783,0.7165984655248707,3.7934451267637055,263.6126177085704
SaltPepper,BoxingSpeedBag,v_BoxingSpeedBag_g19_c04.avi,28.759232949668018,0.7330625912747232,0.619294630156623,3.8349931202237566,260.756660742498
SaltPepper,JugglingBalls,v_JugglingBalls_g22_c06.avi,28.395143020291794,0.6953522638269821,0.6600737383985144,3.8512175477395845,259.6581438477645
SaltPepper,TableTennisShot,v_TableTennisShot_g09_c03.avi,28.819154111228638,0.6267461543903204,0.6365580380737007,3.7975528023459693,263.3274774697647
SaltPepper,Knitting,v_Knitting_g03_c05.avi,28.86927705883895,0.8077824022656255,0.5785802569029466,3.7691728124078714,265.3102019382251
SaltPepper,FrisbeeCatch,v_FrisbeeCatch_g01_c02.avi,29.11716400297559,0.5391000479888977,0.6431403243914247,3.773670643568039,264.9939791922305
SaltPepper,Skiing,v_Skiing_g10_c01.avi,28.3485392154565,0.6595470459106249,0.6198458502369543,3.7521639177876134,266.51287681206355
SaltPepper,BlowingCandles,v_BlowingCandles_g19_c03.avi,28.204053389705017,0.4539133228083073,0.6792204976081848,3.804418315058169,262.85227259103607
SaltPepper,Billiards,v_Billiards_g14_c06.avi,29.487036327020054,0.8027161781356683,0.682110163538936,3.8012587576595998,263.0707520199679
SaltPepper,BasketballDunk,v_BasketballDunk_g03_c04.avi,28.774780184544543,0.7446724196290724,0.6796858457871425,3.841909361474308,260.2872441572272
SaltPepper,Lunges,v_Lunges_g09_c03.avi,28.686619330169847,0.8314388104662684,0.6258027640784659,3.809571847683046,262.4966899123304
SaltPepper,HulaHoop,v_HulaHoop_g10_c02.avi,28.469815725965827,0.8010754386599915,0.68186223565942,3.765417797730701,265.5747791394274
SaltPepper,StillRings,v_StillRings_g13_c01.avi,28.67582005875993,0.5373825914715519,0.6856870493832257,3.791643533225583,263.7378728346047
SaltPepper,BandMarching,v_BandMarching_g18_c02.avi,29.193110029870738,0.7417164567791417,0.6900884695699282,3.841505986507808,260.31457545874304
SaltPepper,Kayaking,v_Kayaking_g08_c05.avi,29.130369463649085,0.7475069967922726,0.6687956826809125,3.7744763569954114,264.9374126153033
SaltPepper,Skijet,v_Skijet_g08_c03.avi,29.02724898978817,0.5648837796462818,0.6206618059765209,3.7507463300057005,266.6136048711351
SaltPepper,SkyDiving,v_SkyDiving_g06_c04.avi,29.794581501960273,0.841927166387656,0.6568913347535319,3.7838979200883345,264.27774245470533
SaltPepper,WalkingWithDog,v_WalkingWithDog_g18_c03.avi,30.884426266317238,0.8614693991737447,0.6124776100118955,3.7381778160730996,267.51001402348624
SaltPepper,CricketShot,v_CricketShot_g06_c06.avi,29.081098276672662,0.6558006867487847,0.6633763835274962,3.793772861096986,263.58984488882805
SaltPepper,Shotput,v_Shotput_g08_c06.avi,29.280367691783475,0.5883730684513655,0.6443819970187574,3.762301832142443,265.79473009228235
Speckle,PizzaTossing,v_PizzaTossing_g18_c01.avi,33.11022968901808,0.9710182520203029,0.2696394787894355,3.7017067273457847,270.14565811296046
SaltPepper,SumoWrestling,v_SumoWrestling_g07_c02.avi,28.339549669046544,0.4603262318824324,0.6390050661061458,3.761141692998309,265.8767155360264
SaltPepper,Drumming,v_Drumming_g14_c01.avi,28.40715240367995,0.6120492195475865,0.6517792228580446,3.827357476995897,261.276874713282
SaltPepper,YoYo,v_YoYo_g09_c04.avi,29.34971684569294,0.7178877544862784,0.7319343585078999,3.843541872703423,260.17668939733244
Speckle,Mixing,v_Mixing_g02_c05.avi,32.772312905366945,0.9454011607105496,0.30198458803666606,3.6550840815982304,273.5915173701661
SaltPepper,BreastStroke,v_BreastStroke_g08_c04.avi,28.621119933072105,0.547156646450188,0.6574548024628031,3.8013326462788797,263.0656385672795
Speckle,ApplyEyeMakeup,v_ApplyEyeMakeup_g04_c02.avi,32.73627708116955,0.9589687097896332,0.29102099935213727,3.704208316224994,269.9632187584722
SaltPepper,HammerThrow,v_HammerThrow_g10_c04.avi,28.470489263251835,0.5974949454647338,0.6438018860696237,3.7890225020139026,263.92031176074835
Speckle,LongJump,v_LongJump_g25_c03.avi,31.48315942118384,0.9535971443342985,0.35494273799960896,3.772603589936165,265.0689308221012
Speckle,Fencing,v_Fencing_g03_c04.avi,31.019246777686615,0.9624564278385322,0.3002085007251577,3.7699379819504757,265.2563529659509
Speckle,ThrowDiscus,v_ThrowDiscus_g08_c03.avi,34.0190028398437,0.9650400113086258,0.28675251058910206,3.631678871486498,275.3547423620871
Speckle,Hammering,v_Hammering_g19_c04.avi,32.43920168886271,0.9451236033665436,0.3439121554406841,3.7080437949534213,269.6839776706471
Speckle,TrampolineJumping,v_TrampolineJumping_g14_c02.avi,31.10119416241034,0.9579949991957436,0.3505225853107902,3.821330299544022,261.68897258615
Speckle,SkateBoarding,v_SkateBoarding_g08_c05.avi,29.76669460251919,0.9638480086096176,0.31347792678409153,3.7231886828387224,268.5869788467331
SaltPepper,JumpRope,v_JumpRope_g10_c03.avi,27.96315358089982,0.4873353867509743,0.6573433211899751,3.7584198231728663,266.0692650231388
Speckle,TennisSwing,v_TennisSwing_g17_c03.avi,30.819528985015985,0.9675162320331087,0.3014907172257952,3.6819933129729128,271.59201959347956
Speckle,CliffDiving,v_CliffDiving_g03_c01.avi,31.674331167086844,0.9529261947351941,0.45737077166204865,3.787481266519298,264.0277085565632
Speckle,PlayingViolin,v_PlayingViolin_g13_c03.avi,34.20789356159049,0.9789851616810371,0.2541289852802144,3.5644478576127874,280.5483597871252
SaltPepper,ShavingBeard,v_ShavingBeard_g06_c05.avi,28.923457960869687,0.846188859047132,0.6381837899970477,3.7791005084109504,264.61323211022074
Speckle,Rowing,v_Rowing_g20_c04.avi,31.90632137345594,0.9462638544622753,0.378194869148965,3.7568012873331704,266.18389515881665
Speckle,VolleyballSpiking,v_VolleyballSpiking_g07_c05.avi,32.6697974028363,0.9446964714012767,0.25534529741420303,3.6521845085676325,273.80872944784346
Speckle,SoccerJuggling,v_SoccerJuggling_g23_c02.avi,32.37299726583537,0.9418725667904363,0.3914922773838043,3.702553113301595,270.08390410591363
Speckle,PlayingFlute,v_PlayingFlute_g21_c03.avi,31.348775601232415,0.9654752693704463,0.3150135748822924,3.7850353079782404,264.19832805579443
Speckle,Surfing,v_Surfing_g20_c06.avi,32.45370198751258,0.9327634486993325,0.43901116990674877,3.7392897955699316,267.43046264687354
Speckle,BaseballPitch,v_BaseballPitch_g11_c01.avi,31.904114849994645,0.9540157094660333,0.31699750457818693,3.7418007850646973,267.2509995699062
Speckle,HighJump,v_HighJump_g08_c02.avi,32.11977460797381,0.9594407153615444,0.3267070742753836,3.6820570627848306,271.58731734691673
Speckle,JavelinThrow,v_JavelinThrow_g14_c03.avi,31.601749728729427,0.9558258188818342,0.3417644126742494,3.6667842491000306,272.7185272068948
Speckle,Swing,v_Swing_g21_c05.avi,31.426801206445827,0.9525465290661638,0.3553634063521428,3.7694926285625097,265.28769214793465
Speckle,PullUps,v_PullUps_g10_c02.avi,31.717835510150703,0.9671827321808121,0.33878855553665604,3.7329334744139215,267.88583478761353
Speckle,PlayingDhol,v_PlayingDhol_g04_c04.avi,32.85487900952876,0.9372006841279998,0.28488194072333567,3.6533163121726973,273.723903037917
Speckle,ParallelBars,v_ParallelBars_g15_c02.avi,32.60278998467342,0.964378035749248,0.3132329377634772,3.766033567231277,265.5313560402444
Speckle,BlowDryHair,v_BlowDryHair_g03_c01.avi,31.32436207647372,0.9377909334631206,0.3735087098954599,3.7665548203866694,265.49460918169814
Speckle,Diving,v_Diving_g08_c05.avi,31.971133740191803,0.9525565056671824,0.3132043054026942,3.7500381469726562,266.66395402065
Speckle,ApplyLipstick,v_ApplyLipstick_g21_c03.avi,32.73014722040634,0.9444782748654904,0.25444804955195716,3.658584781459995,273.32973259702345
Speckle,SalsaSpin,v_SalsaSpin_g06_c05.avi,31.541541603731144,0.9530203918403415,0.3435499714520163,3.7191670811818747,268.877406734365
Speckle,PlayingTabla,v_PlayingTabla_g11_c03.avi,32.061307284079284,0.965092316949753,0.2695172803443775,3.713587710731908,269.28137367271466
Speckle,Punch,v_Punch_g16_c05.avi,31.480817986062956,0.9653035901738911,0.2722629866997401,3.729039033253988,268.1656027417317
Speckle,CuttingInKitchen,v_CuttingInKitchen_g14_c04.avi,33.108497701072075,0.950903661966935,0.3087221402294782,3.700686960804219,270.22009983321686
Speckle,PushUps,v_PushUps_g04_c01.avi,31.71117305830223,0.954591132822756,0.30216669184820993,3.6948277400090146,270.6486121589961
Speckle,HandstandWalking,v_HandstandWalking_g19_c04.avi,33.2780265571607,0.9548315363111042,0.2808338623297842,3.6727763656386756,272.27358827389577
Speckle,PlayingDaf,v_PlayingDaf_g06_c03.avi,32.527407777799176,0.9513310566698252,0.35007443715786113,3.7151063123840524,269.1713011459641
Speckle,Haircut,v_Haircut_g19_c03.avi,31.544078071794623,0.961759290342177,0.3037199431564659,3.790096379816532,263.8455331440429
Speckle,FieldHockeyPenalty,v_FieldHockeyPenalty_g17_c04.avi,32.13347455300426,0.9663487951617371,0.3604135211691799,3.7045277744890694,269.9399386033543
Speckle,UnevenBars,v_UnevenBars_g16_c04.avi,32.68216308949751,0.9600421448128289,0.31909470359484354,3.716409206390381,269.07693541402705
Speckle,HandstandPushups,v_HandStandPushups_g03_c04.avi,33.177103738238394,0.9645928440512808,0.2820102364676339,3.667755126953125,272.64633689728333
Speckle,BoxingPunchingBag,v_BoxingPunchingBag_g01_c06.avi,31.85065401372622,0.9574902739057973,0.2805314133080041,3.7397291602157967,267.39904339551055
Speckle,CleanAndJerk,v_CleanAndJerk_g25_c03.avi,31.872590334167228,0.9546385077685995,0.3500994068498795,3.734809847978445,267.75124857863216
Speckle,PlayingSitar,v_PlayingSitar_g23_c06.avi,32.45313463091365,0.9453337503060302,0.2810136771145186,3.696534400339058,270.523655862171
Speckle,PlayingCello,v_PlayingCello_g22_c01.avi,31.318837051461703,0.9497156379340344,0.28857395945819897,3.7082809418555827,269.666731210395
Speckle,Nunchucks,v_Nunchucks_g01_c02.avi,31.279696213441493,0.9589018476917245,0.3127897272164794,3.744914613921067,267.0287851911695
Speckle,Bowling,v_Bowling_g13_c05.avi,32.01125071899621,0.9540590256915656,0.3189773353460793,3.7322490014762524,267.934963504434
Speckle,FloorGymnastics,v_FloorGymnastics_g10_c05.avi,33.31380790462523,0.962384740196982,0.2979449450023591,3.701662260388571,270.1489032916331
Speckle,CricketBowling,v_CricketBowling_g07_c01.avi,32.739652264565876,0.9601299616621969,0.3076024330579318,3.673109641441932,272.2488838115476
Speckle,Biking,v_Biking_g21_c03.avi,31.55644153379787,0.953831553462675,0.35919193801332694,3.779466034936123,264.58764035880563
Speckle,BodyWeightSquats,v_BodyWeightSquats_g24_c01.avi,31.877779934333407,0.9573141580289025,0.2864257820274519,3.7370547004367993,267.5904101385288
Speckle,BalanceBeam,v_BalanceBeam_g04_c01.avi,32.89470701382445,0.9567063177745564,0.2986636787652969,3.7495930989583335,266.6956049918611
Speckle,PommelHorse,v_PommelHorse_g19_c03.avi,31.83064559127763,0.9568104102713245,0.30081426952448154,3.7365969684388904,267.6231898827957
Speckle,HeadMassage,v_HeadMassage_g04_c02.avi,30.397809881074917,0.9491850080704684,0.3285811252537228,3.789774009159633,263.8679767139323
Speckle,Basketball,v_Basketball_g02_c03.avi,32.091104707615315,0.9574945905501419,0.32233067389045444,3.728572811399187,268.199134248565
Speckle,HorseRace,v_HorseRace_g14_c03.avi,32.89882451020719,0.9560582719953848,0.2469854495410836,3.686781012855763,271.2393268037921
Speckle,Typing,v_Typing_g24_c03.avi,31.797273996780106,0.9523576550459814,0.35395732584098977,3.702817691697015,270.0646057304799
Speckle,TaiChi,v_TaiChi_g07_c03.avi,31.836500077987846,0.9508507847688845,0.40558734100464494,3.765019757008692,265.6028559049316
Speckle,MilitaryParade,v_MilitaryParade_g25_c06.avi,32.20287136453402,0.9614778838238335,0.2913510896326081,3.758009856309348,266.0982909134986
Speckle,Archery,v_Archery_g02_c07.avi,30.994745780637782,0.9503609928512418,0.36059097173702287,3.8197571972766555,261.7967447546045
Speckle,BenchPress,v_BenchPress_g17_c02.avi,32.27059002329193,0.9644776858783322,0.24785907829509063,3.679093192605411,271.80610755114725
Speckle,MoppingFloor,v_MoppingFloor_g05_c02.avi,31.40845634369451,0.9064507945013159,0.4405904048475726,3.765461362641433,265.57170654342076
Speckle,WritingOnBoard,v_WritingOnBoard_g17_c01.avi,33.254097251405625,0.9609572164410108,0.36066283694990386,3.645181655883789,274.3347504741971
Speckle,PlayingPiano,v_PlayingPiano_g18_c03.avi,34.3972184630073,0.9520748812300044,0.21090501177409463,3.538361265639628,282.61670443626406
Speckle,PlayingGuitar,v_PlayingGuitar_g25_c03.avi,32.37841179843794,0.965538353666819,0.27305538082122804,3.6601381301879883,273.21373249611185
Speckle,BabyCrawling,v_BabyCrawling_g20_c01.avi,32.45944920302106,0.9323679941242744,0.3727681563731811,3.7111916304548123,269.45523152019194
Speckle,FrontCrawl,v_FrontCrawl_g19_c04.avi,32.366300172350165,0.9182048656073889,0.37753693130281235,3.7692944208780923,265.30164225458424
Speckle,RockClimbingIndoor,v_RockClimbingIndoor_g11_c03.avi,31.92334194791207,0.9578443841085342,0.29034270533544576,3.740611904395555,267.3359400971029
Speckle,Rafting,v_Rafting_g19_c04.avi,32.72073681290136,0.9568961352645861,0.3227061018030694,3.704414976404068,269.94815817603546
Speckle,JumpingJack,v_JumpingJack_g13_c05.avi,31.812805270112513,0.9590997520856431,0.2984044490401278,3.7243439979159954,268.5036614661704
Speckle,IceDancing,v_IceDancing_g02_c02.avi,32.24401835118462,0.9491379543588614,0.3068436015219915,3.7373417899722146,267.5698547783703
Speckle,HorseRiding,v_HorseRiding_g20_c04.avi,31.806767112379852,0.9567326853805957,0.3372121226568163,3.754378827802974,266.35564653053143
Speckle,BrushingTeeth,v_BrushingTeeth_g25_c03.avi,33.097314675102105,0.9597217741248293,0.2994727608832446,3.6869677630337803,271.22558814486655
Speckle,GolfSwing,v_GolfSwing_g17_c02.avi,32.28426662945656,0.9476277498197068,0.29083679676055907,3.733449935913086,267.84877718078496
Speckle,WallPushups,v_WallPushups_g17_c02.avi,32.48530410017545,0.9712479693949689,0.2999345485980694,3.7059637216421275,269.83534516546644
Speckle,RopeClimbing,v_RopeClimbing_g19_c02.avi,31.695839507517306,0.9477441370822917,0.3083447632733841,3.7581279263858907,266.08993083470637
Speckle,SoccerPenalty,v_SoccerPenalty_g24_c05.avi,33.01000724634723,0.9646318627665675,0.3578209739991988,3.6947480563459725,270.6544491666852
Speckle,PoleVault,v_PoleVault_g06_c05.avi,31.781925901955724,0.9475597422395433,0.35391545387414786,3.7453825657184305,266.99542235098284
Speckle,BoxingSpeedBag,v_BoxingSpeedBag_g19_c04.avi,32.00232530046721,0.9478045060288406,0.29749944853404214,3.7717478615897044,265.12906925292805
Speckle,Knitting,v_Knitting_g03_c05.avi,31.760570336530048,0.949074678218287,0.3000943160281991,3.68996836104483,271.0050336900032
Speckle,FrisbeeCatch,v_FrisbeeCatch_g01_c02.avi,32.796103742074685,0.9375940644079902,0.35245644953101873,3.6673396825790405,272.6772228791074
Speckle,TableTennisShot,v_TableTennisShot_g09_c03.avi,32.03956945754941,0.9621764979266753,0.3149785639403702,3.737205034726626,267.57964594071285
Speckle,JugglingBalls,v_JugglingBalls_g22_c06.avi,30.52150477385461,0.9466618089692705,0.36216146011990824,3.8838630586158573,257.4756073805504
Speckle,Skiing,v_Skiing_g10_c01.avi,33.30430643298693,0.9348806573395888,0.4242138816464332,3.710482197423135,269.50675054969474
Speckle,Billiards,v_Billiards_g14_c06.avi,32.1913133025664,0.9625316356145548,0.3292320252685417,3.739234937335851,267.4343861133489
Speckle,BasketballDunk,v_BasketballDunk_g03_c04.avi,31.677467083442153,0.9621541172854038,0.3081544851079399,3.798225779592255,263.28082058022136
Speckle,BlowingCandles,v_BlowingCandles_g19_c03.avi,34.51475060932295,0.9489123104688273,0.26651553122893623,3.6641825800356655,272.912164761797
Speckle,Lunges,v_Lunges_g09_c03.avi,30.776266443523145,0.9492959818518754,0.34178808258800975,3.7287084067740093,268.1893811227723
Speckle,StillRings,v_StillRings_g13_c01.avi,33.13097494340389,0.960237580164568,0.3156183816558883,3.6942237208788047,270.6928641999283
Speckle,HulaHoop,v_HulaHoop_g10_c02.avi,31.82693289107339,0.9307855765981513,0.42427919465716524,3.7596107709525834,265.98498113852014
Speckle,BandMarching,v_BandMarching_g18_c02.avi,31.68133267316049,0.9579844859915082,0.3459744589908101,3.798649689861547,263.2514397600185
Speckle,Kayaking,v_Kayaking_g08_c05.avi,32.33097003881492,0.9410228684051685,0.3375585885384144,3.7635335555443397,265.7077412068842
Speckle,SkyDiving,v_SkyDiving_g06_c04.avi,31.924223620895575,0.9488797035774527,0.36848643306013823,3.7549486407985935,266.31522709384444
Speckle,WalkingWithDog,v_WalkingWithDog_g18_c03.avi,33.09380601343545,0.9620047888008467,0.3087848785022895,3.6652704079945884,272.8311662405118
Speckle,Skijet,v_Skijet_g08_c03.avi,33.034205680247716,0.9558520338419936,0.30772536964507763,3.7099870198080986,269.5427220259454
Speckle,CricketShot,v_CricketShot_g06_c06.avi,31.666856450649316,0.9442216974345554,0.35620461518947893,3.76806597737871,265.3881343913355
Speckle,Shotput,v_Shotput_g08_c06.avi,32.96559056376788,0.9483789900974854,0.34376151313876163,3.6780952226997603,271.87985613542367
Gaussian,PizzaTossing,v_PizzaTossing_g18_c01.avi,29.150632529870883,0.6316886421542897,0.6573279119200177,3.879672951168484,257.75368506224703
Speckle,Drumming,v_Drumming_g14_c01.avi,33.774455504220555,0.9420029718041716,0.23497128763864206,3.744962603546852,267.02536336488396
Speckle,SumoWrestling,v_SumoWrestling_g07_c02.avi,34.091042607202155,0.9735988443348429,0.28277123271277127,3.65363409692757,273.70009515756504
Speckle,YoYo,v_YoYo_g09_c04.avi,31.17169192369853,0.957509813446757,0.339584248887617,3.788560123766883,263.9525221539105
Gaussian,Mixing,v_Mixing_g02_c05.avi,29.198535466998322,0.658886949324935,0.7282945328467602,3.8775431143270955,257.89526267422013
Speckle,BreastStroke,v_BreastStroke_g08_c04.avi,32.52057562784873,0.9482282920533183,0.38331952107012573,3.7598885483478184,265.96533039241893
Gaussian,ApplyEyeMakeup,v_ApplyEyeMakeup_g04_c02.avi,28.921991951301717,0.6432332403283386,0.5771272841728095,3.8581833694920395,259.18933970514155
Speckle,HammerThrow,v_HammerThrow_g10_c04.avi,32.70940439272303,0.9432031629961319,0.37907587978910295,3.6912668606399985,270.90970058626925
Gaussian,LongJump,v_LongJump_g25_c03.avi,29.68359667025057,0.7852920391383292,0.6781995996917035,3.8880412861452265,257.1989149301044
Gaussian,ThrowDiscus,v_ThrowDiscus_g08_c03.avi,28.539474977408368,0.5067069423683745,0.6099291661511297,3.8587570190429688,259.1508081656863
Gaussian,Fencing,v_Fencing_g03_c04.avi,29.15699303419342,0.8271741631099023,0.5872850183476793,3.9116702181227665,255.64527279600424
Speckle,JumpRope,v_JumpRope_g10_c03.avi,33.636923651337355,0.9553762899764398,0.338630774459302,3.6677240535912925,272.64864678705555
Gaussian,Hammering,v_Hammering_g19_c04.avi,28.87020024975623,0.5738053253440015,0.6644072673293981,3.8959390661689675,256.67752575589947
Gaussian,SkateBoarding,v_SkateBoarding_g08_c05.avi,28.40314621404548,0.8172483611403789,0.5609610069681097,3.8362035044917353,260.6743877974981
Gaussian,TrampolineJumping,v_TrampolineJumping_g14_c02.avi,29.117091739308727,0.7656079888366221,0.6845481918888842,3.9364875143792433,254.03357596008863
Gaussian,TennisSwing,v_TennisSwing_g17_c03.avi,29.28778191872698,0.7853495775116451,0.6781397813515697,3.862365544271126,258.90868912789864
Gaussian,CliffDiving,v_CliffDiving_g03_c01.avi,29.549264052205636,0.7322482733887012,0.7863477397224178,3.9406548375668735,253.76493025140007
Gaussian,PlayingViolin,v_PlayingViolin_g13_c03.avi,29.19554192438688,0.5463603755225006,0.7322950772074766,3.8465926813524822,259.97033812490764
Gaussian,SoccerJuggling,v_SoccerJuggling_g23_c02.avi,29.636145025385176,0.6806372893174074,0.7849649670223395,3.8465400536855063,259.97389499216695
Gaussian,PlayingFlute,v_PlayingFlute_g21_c03.avi,29.218500437741888,0.7898079730899646,0.6182548925910197,3.9286982845252667,254.5372353837646
Speckle,ShavingBeard,v_ShavingBeard_g06_c05.avi,31.976516146452433,0.9646621025014479,0.28774734509688565,3.6700841112057145,272.47331932986
Gaussian,Rowing,v_Rowing_g20_c04.avi,29.478805116683546,0.7259163519817022,0.7267868984368892,3.8969875161164724,256.6084689428377
Gaussian,VolleyballSpiking,v_VolleyballSpiking_g07_c05.avi,29.373567524231877,0.6892197999286872,0.6596663767515227,3.8561516029890193,259.32590389466793
Gaussian,Surfing,v_Surfing_g20_c06.avi,29.874792346509974,0.7576189885532806,0.7670316468334566,3.867233121717298,258.5828080506138
Gaussian,BaseballPitch,v_BaseballPitch_g11_c01.avi,29.650134115260375,0.7565263971421664,0.6649451846113572,3.912570384832529,255.5864563808488
Gaussian,HighJump,v_HighJump_g08_c02.avi,28.675644071209916,0.6210422215927778,0.6271111516871004,3.8660937904292703,258.6590119659165
Gaussian,JavelinThrow,v_JavelinThrow_g14_c03.avi,28.542959713428843,0.6245867296467466,0.6308973034222921,3.9188254113290824,255.17850249441113
Gaussian,Swing,v_Swing_g21_c05.avi,29.520585805192276,0.7810251441536475,0.6767703164276199,3.8994805729804347,256.4444113221172
Gaussian,PullUps,v_PullUps_g10_c02.avi,29.71995725386244,0.7966745189387102,0.6883206050519999,3.892753854652361,256.8875498780552
Gaussian,PlayingDhol,v_PlayingDhol_g04_c04.avi,29.475204138591394,0.7110545405737062,0.6878828328021251,3.8882462067615666,257.1853598830815
Gaussian,ParallelBars,v_ParallelBars_g15_c02.avi,28.754814446729128,0.6282398242682631,0.6270241223532578,3.916982124591696,255.2985865627966
Gaussian,BlowDryHair,v_BlowDryHair_g03_c01.avi,29.408688873482077,0.7587782976601656,0.6988366661192495,3.8826334828565896,257.55714630685793
Gaussian,Diving,v_Diving_g08_c05.avi,29.337614749453156,0.753681627867415,0.651634875036055,3.9046718228247856,256.1034692223027
Gaussian,SalsaSpin,v_SalsaSpin_g06_c05.avi,30.011645949170333,0.7980137222731232,0.6809503421812,3.845680259658905,260.03201838956204
Gaussian,ApplyLipstick,v_ApplyLipstick_g21_c03.avi,29.319942518204375,0.7794740445323951,0.6329352276308553,3.8554985206443946,259.36983107254923
Gaussian,PlayingTabla,v_PlayingTabla_g11_c03.avi,29.74175656177503,0.7720382017451185,0.6558120246519122,3.876845041910807,257.941699807306
Gaussian,Punch,v_Punch_g16_c05.avi,29.428259523247615,0.8187210100474603,0.5973276128371556,3.87433131535848,258.10905640305907
Gaussian,CuttingInKitchen,v_CuttingInKitchen_g14_c04.avi,28.748059550116096,0.5847355063509919,0.6088031846649793,3.8674729210989818,258.56677484268977
Gaussian,PushUps,v_PushUps_g04_c01.avi,29.699195194836033,0.7658218466379385,0.6352014207577967,3.89011351616828,257.06190727950514
Gaussian,HandstandWalking,v_HandstandWalking_g19_c04.avi,28.95008471180294,0.591143467514362,0.6299531099043394,3.901753210483637,256.2950412427664
Gaussian,PlayingDaf,v_PlayingDaf_g06_c03.avi,28.933504923328524,0.6015943116111598,0.6588571301448308,3.9157082668292484,255.38164026957804
Gaussian,Haircut,v_Haircut_g19_c03.avi,28.62724360798954,0.7664517403101014,0.522586819017306,3.9186421781778336,255.19043447467803
Gaussian,FieldHockeyPenalty,v_FieldHockeyPenalty_g17_c04.avi,30.413935139550578,0.7832470892895038,0.7510913258575531,3.878208528082055,257.8510136211124
Gaussian,UnevenBars,v_UnevenBars_g16_c04.avi,28.755947798321493,0.6184052689024958,0.6451712127526601,3.8808647791544595,257.67452794834924
Gaussian,HandstandPushups,v_HandStandPushups_g03_c04.avi,28.88590210622579,0.6322615108198841,0.5994543412753514,3.8755389622279575,258.0286276944364
Gaussian,BoxingPunchingBag,v_BoxingPunchingBag_g01_c06.avi,29.173605230106904,0.7659259183702657,0.6080123396908365,3.9033788006480146,256.1883053302401
Gaussian,CleanAndJerk,v_CleanAndJerk_g25_c03.avi,29.739006854170036,0.7358242707031982,0.7236665427111663,3.9016272013004007,256.30331869398054
Gaussian,PlayingSitar,v_PlayingSitar_g23_c06.avi,29.13991690788869,0.6835728210416686,0.6742019861011915,3.9039779107724284,256.1489903005479
Gaussian,PlayingCello,v_PlayingCello_g22_c01.avi,28.75204418918719,0.7374715722376126,0.6122704352386267,3.88412160168362,257.4584687478728
Gaussian,Nunchucks,v_Nunchucks_g01_c02.avi,28.77485562174383,0.7528284860726723,0.6459555938782819,3.895775111699013,256.6883280805917
Gaussian,Bowling,v_Bowling_g13_c05.avi,29.99767746672428,0.7592774233151319,0.7024367490661478,3.8779806867938174,257.86616302794584
Gaussian,FloorGymnastics,v_FloorGymnastics_g10_c05.avi,29.007249993786704,0.5677427411825031,0.7121476384382399,3.8918937955583846,256.94431876359215
Gaussian,CricketBowling,v_CricketBowling_g07_c01.avi,28.996005942215067,0.5878765144355751,0.6639560470214256,3.927315198458158,254.62687598708513
Gaussian,BodyWeightSquats,v_BodyWeightSquats_g24_c01.avi,29.426334124582194,0.7439039715159314,0.6309565743674402,3.899556657542353,256.43940781469183
Gaussian,Biking,v_Biking_g21_c03.avi,29.29451840510254,0.7456765524066361,0.698423365589048,3.9292143993690365,254.50380110603857
Gaussian,BalanceBeam,v_BalanceBeam_g04_c01.avi,28.643757636700002,0.5941185869351703,0.638188832004865,3.896266222000122,256.6559734428662
Gaussian,PommelHorse,v_PommelHorse_g19_c03.avi,29.769162871731776,0.8221190382531289,0.5938747069901891,3.8866036468082004,257.29405179281173
Gaussian,Basketball,v_Basketball_g02_c03.avi,30.203768378211276,0.7800734814933047,0.7073219498353345,3.863802977970668,258.8123684622284
Gaussian,HeadMassage,v_HeadMassage_g04_c02.avi,28.955299312241127,0.8168318349880549,0.5928392640891529,3.8922769682747975,256.91902404448814
Gaussian,HorseRace,v_HorseRace_g14_c03.avi,29.03425279878486,0.7765935119043642,0.6297971171583151,3.8686246330561076,258.4897980164148
Gaussian,TaiChi,v_TaiChi_g07_c03.avi,29.634780015151772,0.6818754075781633,0.7947281114539207,3.938191118296127,253.92368474810175
Gaussian,MilitaryParade,v_MilitaryParade_g25_c06.avi,29.33226860443723,0.7389425244409319,0.6838052587780526,3.9226970052331445,254.92664834065238
Gaussian,Typing,v_Typing_g24_c03.avi,28.546487957138893,0.6193922387305408,0.634554830690225,3.8831979036331177,257.5197105108654
Gaussian,Archery,v_Archery_g02_c07.avi,29.169766036790083,0.7812742636476375,0.6401772258511509,3.9358742265816193,254.07315946386802
Gaussian,MoppingFloor,v_MoppingFloor_g05_c02.avi,29.61952846731878,0.6862018268567559,0.7458769325552316,3.8887139024405646,257.15442819601566
Gaussian,BenchPress,v_BenchPress_g17_c02.avi,29.71185769809339,0.7712786781521865,0.6631654492195915,3.899732056786032,256.42787387401967
Gaussian,WritingOnBoard,v_WritingOnBoard_g17_c01.avi,29.137846379850068,0.6112520826717609,0.686163679584042,3.867061583550422,258.5942784707042
Gaussian,PlayingPiano,v_PlayingPiano_g18_c03.avi,28.81267247293814,0.6017807814667291,0.7263768667524512,3.81735238161954,261.9616687248932
Gaussian,PlayingGuitar,v_PlayingGuitar_g25_c03.avi,28.817333441988556,0.6391085761991203,0.6090603139400482,3.869622230529785,258.42315875446354
Gaussian,BabyCrawling,v_BabyCrawling_g20_c01.avi,28.763769211139255,0.5916626676045975,0.6518853190301479,3.9014112903697282,256.31750296832513
Gaussian,FrontCrawl,v_FrontCrawl_g19_c04.avi,29.569188215352355,0.7144653608732985,0.6966064188215467,3.8714965184529624,258.29804966468026
Gaussian,RockClimbingIndoor,v_RockClimbingIndoor_g11_c03.avi,29.358119829943767,0.7282027818963416,0.6383075439287517,3.90177001496275,256.2939374092112
Gaussian,Rafting,v_Rafting_g19_c04.avi,28.85212308573946,0.6071063559686057,0.637962204598366,3.8853239505848984,257.3787958786447
Gaussian,JumpingJack,v_JumpingJack_g13_c05.avi,29.873756831336024,0.7604731256626412,0.6827777826908937,3.901611898363251,256.30432396915387
Gaussian,IceDancing,v_IceDancing_g02_c02.avi,29.92868036067795,0.7863839468508592,0.6606730158839907,3.8662865048363093,258.64611915053564
Gaussian,BrushingTeeth,v_BrushingTeeth_g25_c03.avi,28.979495471573202,0.6124945934971128,0.6258114421909505,3.8911830295215952,256.99125238088476
Gaussian,HorseRiding,v_HorseRiding_g20_c04.avi,29.58692099029378,0.7360262141406065,0.721704196710528,3.90336996207208,256.1888854289272
Gaussian,GolfSwing,v_GolfSwing_g17_c02.avi,29.124071443255588,0.7631592669499893,0.6240039129257202,3.8932857513427734,256.85245416550924
Gaussian,WallPushups,v_WallPushups_g17_c02.avi,28.77063639964514,0.6584097669442861,0.5882786654509031,3.886063282306378,257.3298290208234
Gaussian,SoccerPenalty,v_SoccerPenalty_g24_c05.avi,29.21680075431877,0.6066613098405986,0.71379379705451,3.8789579238014658,257.8011980650663
Gaussian,PoleVault,v_PoleVault_g06_c05.avi,29.624603894405347,0.7897683727404052,0.674339192876449,3.8689393263596754,258.46877287189466
Gaussian,RopeClimbing,v_RopeClimbing_g19_c02.avi,29.39074422853222,0.807517177109962,0.6081171534214801,3.9018706271522925,256.287328708751
Gaussian,BoxingSpeedBag,v_BoxingSpeedBag_g19_c04.avi,29.096646958444662,0.7539775643864439,0.5987353145130097,3.901475951785133,256.31325487023616
Gaussian,FrisbeeCatch,v_FrisbeeCatch_g01_c02.avi,28.94169362806106,0.5786192828280242,0.6654905583709478,3.9030276238918304,256.2113559941625
Gaussian,Knitting,v_Knitting_g03_c05.avi,29.701674648553016,0.7920562786682303,0.6238571512249281,3.876123788221827,257.989696572294
Gaussian,TableTennisShot,v_TableTennisShot_g09_c03.avi,28.843139991708842,0.6115305137987135,0.6310261193808023,3.8850617099117923,257.39616888162743
Gaussian,JugglingBalls,v_JugglingBalls_g22_c06.avi,28.681749354848268,0.8006783674919595,0.6073226036987905,3.9166615703913172,255.3194811519263
Gaussian,Billiards,v_Billiards_g14_c06.avi,29.737748658891583,0.7635781660908033,0.6974366862619289,3.894900299176421,256.7459814597695
Gaussian,Skiing,v_Skiing_g10_c01.avi,29.091479915637787,0.5734813279381872,0.7134856197141832,3.8775182539416897,257.896916148222
Gaussian,BasketballDunk,v_BasketballDunk_g03_c04.avi,29.197241197680746,0.8055256368522055,0.6178551448716058,3.92745159290455,254.6180331812694
Gaussian,BlowingCandles,v_BlowingCandles_g19_c03.avi,28.51816148387419,0.4862259779633336,0.6778734704722529,3.8633180701214336,258.84485352990043
Gaussian,StillRings,v_StillRings_g13_c01.avi,28.969001602033778,0.5620202605814643,0.6928356307550425,3.8963736695422617,256.64889582252977
Gaussian,Lunges,v_Lunges_g09_c03.avi,29.20625707604814,0.8553634578888536,0.5751480599729026,3.8595501969500288,259.0975499658587
Gaussian,HulaHoop,v_HulaHoop_g10_c02.avi,29.452636273970768,0.7687893073895865,0.7136019745675644,3.8851369725595606,257.39118261799445
Gaussian,BandMarching,v_BandMarching_g18_c02.avi,29.008768283702395,0.7788104811410136,0.641862536980727,3.9482506636147185,253.27672561814398
Gaussian,Kayaking,v_Kayaking_g08_c05.avi,29.62359918167317,0.743667017155083,0.6971630301230993,3.8959215848873825,256.6786774864994
Gaussian,SkyDiving,v_SkyDiving_g06_c04.avi,29.500008297892013,0.744817528682502,0.7365653994795563,3.9104083915809533,255.72776545615645
Gaussian,Skijet,v_Skijet_g08_c03.avi,28.949158507439837,0.6110805254000211,0.6448761444342764,3.85517708992844,259.3914563905447
Gaussian,WalkingWithDog,v_WalkingWithDog_g18_c03.avi,30.25425197256707,0.7627882587387955,0.7538890952865283,3.8832386334737143,257.51700948274186
Gaussian,CricketShot,v_CricketShot_g06_c06.avi,29.131574116205332,0.7008697928689167,0.6507804527790588,3.895086649606919,256.7336981067975
Gaussian,Shotput,v_Shotput_g08_c06.avi,29.01575666507538,0.5648209940779781,0.6984779604590765,3.9111883333413906,255.67677001779253
Poisson,PizzaTossing,v_PizzaTossing_g18_c01.avi,34.19166296902623,0.9885190265820212,0.12112573948171404,3.6076263145164207,277.19057153347205
Gaussian,SumoWrestling,v_SumoWrestling_g07_c02.avi,28.473956570274265,0.5048634250640412,0.6233315830943228,3.8736003568802757,258.1577622543852
Gaussian,Drumming,v_Drumming_g14_c01.avi,28.786782956134854,0.6561847613473852,0.6209627054920492,3.8941784422526986,256.7935740051813
Gaussian,YoYo,v_YoYo_g09_c04.avi,29.270979337787665,0.7470481705984062,0.7023838337531871,3.909717171879138,255.77297692849922
Poisson,Mixing,v_Mixing_g02_c05.avi,33.34000881143923,0.9653036631974125,0.1786317732688543,3.571426546251452,280.0001587739762
Gaussian,BreastStroke,v_BreastStroke_g08_c04.avi,28.72194830702279,0.5813903254548047,0.6551735727631267,3.915568692001266,255.39074363394585
Poisson,ApplyEyeMakeup,v_ApplyEyeMakeup_g04_c02.avi,33.5275432237869,0.9791736673995747,0.17877976551200403,3.608564535776774,277.1185024088094
Gaussian,HammerThrow,v_HammerThrow_g10_c04.avi,28.85913323055355,0.597916184989234,0.6638595049391316,3.871965005930969,258.26679695406017
Poisson,LongJump,v_LongJump_g25_c03.avi,32.15933047628516,0.975814915265688,0.23708167116520767,3.730146224889378,268.0860051350014
Poisson,Fencing,v_Fencing_g03_c04.avi,32.91571593866137,0.9895485382858684,0.10416721156302919,3.644747936979253,274.3673958503683
Poisson,TrampolineJumping,v_TrampolineJumping_g14_c02.avi,32.73543773834724,0.9905164725215402,0.1317699525554107,3.6273554422969903,275.68293648299294
Poisson,ThrowDiscus,v_ThrowDiscus_g08_c03.avi,35.10611232483755,0.9835204133695236,0.15835840805717136,3.6132169806438945,276.76167951081493
Poisson,SkateBoarding,v_SkateBoarding_g08_c05.avi,32.71972218136302,0.9895978300105126,0.13077063030666775,3.6177767647637262,276.41285381114693
Poisson,Hammering,v_Hammering_g19_c04.avi,34.0423028598837,0.986703085665645,0.15174557720677237,3.5400846031274686,282.4791246843523
Gaussian,JumpRope,v_JumpRope_g10_c03.avi,28.471427378428796,0.49704433608603577,0.6814215992460187,3.8570461683715416,259.2657583930875
Poisson,TennisSwing,v_TennisSwing_g17_c03.avi,32.73626967489154,0.9908664700630647,0.10414231016481523,3.4770339512996538,287.60144824764154
Poisson,CliffDiving,v_CliffDiving_g03_c01.avi,32.87554467079422,0.9841540494648645,0.24011514821778174,3.678498060806938,271.8500821448398
Poisson,PlayingViolin,v_PlayingViolin_g13_c03.avi,34.6005912248831,0.9831567249397375,0.18707793812419093,3.5239873930465344,283.76946012156037
Poisson,SoccerJuggling,v_SoccerJuggling_g23_c02.avi,33.23239131407092,0.9793568574907812,0.20276857217152913,3.5762290159861245,279.62415033542135
Gaussian,ShavingBeard,v_ShavingBeard_g06_c05.avi,29.93928116047871,0.7869901620244302,0.6954034686420622,3.8696889425718686,258.41870363238576
Poisson,VolleyballSpiking,v_VolleyballSpiking_g07_c05.avi,33.16849228781644,0.9664583221907314,0.11187131806861522,3.5649177639983423,280.51137956080635
Poisson,Rowing,v_Rowing_g20_c04.avi,33.28099130190807,0.9866177795632725,0.16054312212794436,3.62196467281167,276.0932505793097
Poisson,PlayingFlute,v_PlayingFlute_g21_c03.avi,32.532788020028256,0.9863745624285457,0.1679442780118593,3.545004213359994,282.0871118379261
Poisson,Surfing,v_Surfing_g20_c06.avi,33.67220546661357,0.9642008228083818,0.28929278104922024,3.639512080483455,274.7621048882918
Poisson,HighJump,v_HighJump_g08_c02.avi,34.139477141375494,0.9847335134621021,0.1581199021420927,3.6162902147341995,276.5264789660973
Poisson,BaseballPitch,v_BaseballPitch_g11_c01.avi,33.57009482695764,0.9914425982336953,0.09221816693360989,3.5265890451577993,283.560116360327
Poisson,JavelinThrow,v_JavelinThrow_g14_c03.avi,35.03124799701482,0.9894507424755554,0.11496772368748982,3.5554147234150006,281.26114048363195
Poisson,Swing,v_Swing_g21_c05.avi,32.99551660713859,0.9902488123093239,0.11391033906841752,3.628053475375199,275.6298954211484
Poisson,PullUps,v_PullUps_g10_c02.avi,33.17310856072562,0.9905856899066376,0.10614622845126025,3.5588258952763727,280.99154873726735
Poisson,ParallelBars,v_ParallelBars_g15_c02.avi,33.7966368646028,0.9804200235542064,0.17762977789188253,3.6757650046513,272.05221191632313
Poisson,PlayingDhol,v_PlayingDhol_g04_c04.avi,33.79125244443681,0.9537873771788078,0.16288857274391935,3.5018317600816418,285.564832496889
Poisson,BlowDryHair,v_BlowDryHair_g03_c01.avi,32.743866343823775,0.9650866420336278,0.24703629962502652,3.657233362962425,273.4307332223345
Poisson,Diving,v_Diving_g08_c05.avi,33.6299159344878,0.9876208454331332,0.12727799723225255,3.59195432355327,278.399976704261
Poisson,SalsaSpin,v_SalsaSpin_g06_c05.avi,32.87841005078832,0.9784131368081669,0.19036072385525274,3.5562272557241474,281.19687750280514
Poisson,ApplyLipstick,v_ApplyLipstick_g21_c03.avi,33.14275080947408,0.9536146987948687,0.17965757430016577,3.5999388127893837,277.7824990934104
Poisson,PlayingTabla,v_PlayingTabla_g11_c03.avi,33.16146240601917,0.9850866923148827,0.12380510505877043,3.6028368431225157,277.5590579154058
Poisson,Punch,v_Punch_g16_c05.avi,32.81491611510331,0.9849918294070562,0.1269254300991694,3.665045897165934,272.84787914205083
Poisson,CuttingInKitchen,v_CuttingInKitchen_g14_c04.avi,34.4073225246321,0.9766986385943136,0.1737387977084335,3.586795865272989,278.8003659984956
Poisson,PushUps,v_PushUps_g04_c01.avi,32.797144701176315,0.9827744891113769,0.12565762787074833,3.53631344470349,282.78036312017224
Poisson,HandstandWalking,v_HandstandWalking_g19_c04.avi,33.90318049983179,0.9675851963309169,0.21137322698320662,3.615747717090119,276.56796829972967
Poisson,PlayingDaf,v_PlayingDaf_g06_c03.avi,33.71769647034874,0.9815324363561726,0.18784114839888666,3.6045294196628106,277.4287246887129
Poisson,Haircut,v_Haircut_g19_c03.avi,33.169155722488775,0.980888594858375,0.19366544531658292,3.7115849554538727,269.42667674374025
Poisson,FieldHockeyPenalty,v_FieldHockeyPenalty_g17_c04.avi,32.72392259054834,0.9804239801365883,0.25219622864780655,3.598221813339785,277.9150513436034
Poisson,UnevenBars,v_UnevenBars_g16_c04.avi,33.8841220863194,0.9801695419160531,0.21078336656093596,3.6098686854044595,277.0183868580132
Poisson,BoxingPunchingBag,v_BoxingPunchingBag_g01_c06.avi,32.680416665031494,0.9747489987826135,0.19848132133483887,3.5771422269867688,279.55276490148316
Poisson,HandstandPushups,v_HandStandPushups_g03_c04.avi,34.72117231258237,0.989376916836922,0.11120478187288557,3.4910120282854353,286.44988670839297
Poisson,CleanAndJerk,v_CleanAndJerk_g25_c03.avi,32.887377704848646,0.9844839155000028,0.1730144969545878,3.58047393652109,279.29263492185447
Poisson,PlayingSitar,v_PlayingSitar_g23_c06.avi,33.02197776930948,0.9588664037816018,0.20640914536888105,3.6024722961935622,277.58714509938585
Poisson,PlayingCello,v_PlayingCello_g22_c01.avi,33.35234950894588,0.965377659135333,0.19899913030839617,3.567273514743909,280.3261358757317
Poisson,Nunchucks,v_Nunchucks_g01_c02.avi,33.758181335741575,0.9800888949570755,0.15696689360899943,3.540090217444175,282.47867669371607
Poisson,Bowling,v_Bowling_g13_c05.avi,32.43195678672219,0.9682949697134688,0.2403746938036981,3.625272590423299,275.841326426501
Poisson,FloorGymnastics,v_FloorGymnastics_g10_c05.avi,33.846022801731664,0.9750058605232887,0.21307065420680577,3.647198752751426,274.183028617677
Poisson,CricketBowling,v_CricketBowling_g07_c01.avi,33.719706052791324,0.9809799397750454,0.19239083436819224,3.61938843360314,276.28977059101925
Poisson,BodyWeightSquats,v_BodyWeightSquats_g24_c01.avi,32.51205081528244,0.9703917407266618,0.20237895768621694,3.660113915153172,273.21554005735123
Poisson,Biking,v_Biking_g21_c03.avi,32.94081380483877,0.990261895229112,0.13969106312657967,3.609074920904441,277.0793130970521
Poisson,BalanceBeam,v_BalanceBeam_g04_c01.avi,33.30085805623461,0.9627023071386736,0.23603843798240026,3.692148129145304,270.8450379079157
Poisson,PommelHorse,v_PommelHorse_g19_c03.avi,33.327128592506675,0.985631403432175,0.12818854198687607,3.6082565784454346,277.1421539071469
Poisson,Basketball,v_Basketball_g02_c03.avi,33.132386637894726,0.9806002992053708,0.1791470976812499,3.55607271194458,281.2090980707665
Poisson,HeadMassage,v_HeadMassage_g04_c02.avi,32.23254270818814,0.9788356494476457,0.19353519734882174,3.69870662689209,270.3647790633964
Poisson,HorseRace,v_HorseRace_g14_c03.avi,33.68386630871765,0.9630690528669743,0.1345018499803335,3.593736340385337,278.2619272210647
Poisson,Typing,v_Typing_g24_c03.avi,33.615710198254654,0.9764085000708902,0.23536687654753527,3.558447791470422,281.0214055681789
Poisson,MilitaryParade,v_MilitaryParade_g25_c06.avi,33.13389180293763,0.9823197272425206,0.13471938924091617,3.6437937883826774,274.43924054875146
Poisson,TaiChi,v_TaiChi_g07_c03.avi,33.40875029167778,0.9861830103541058,0.1690355166357163,3.5867230934009218,278.8060226449772
Poisson,Archery,v_Archery_g02_c07.avi,32.68220769385,0.9820592056034798,0.19964724563690553,3.641608249710267,274.6039473300188
Poisson,BenchPress,v_BenchPress_g17_c02.avi,33.018928772805516,0.9793637033956806,0.11513813453562119,3.611880190232221,276.86411157943377
Poisson,MoppingFloor,v_MoppingFloor_g05_c02.avi,32.101964471101866,0.9627269789006424,0.2729866255973947,3.683833418221309,271.45635713431284
Poisson,WritingOnBoard,v_WritingOnBoard_g17_c01.avi,34.27905674314305,0.9846864807220209,0.20591591675202925,3.5101686205182756,284.88659893847216
Poisson,PlayingPiano,v_PlayingPiano_g18_c03.avi,34.72656531059787,0.9564923095157682,0.1535317301750183,3.4714907654060805,288.06068273755704
Poisson,PlayingGuitar,v_PlayingGuitar_g25_c03.avi,34.394218114533125,0.9817929799051806,0.16476258063316346,3.5520668029785156,281.52623682681576
Poisson,BabyCrawling,v_BabyCrawling_g20_c01.avi,33.638874958049,0.9694665133245958,0.2304508261296941,3.6103981208070484,276.97776437366014
Poisson,FrontCrawl,v_FrontCrawl_g19_c04.avi,33.44721695167238,0.9531405025553867,0.2429470207956102,3.7006775538126626,270.2207867231608
Poisson,RockClimbingIndoor,v_RockClimbingIndoor_g11_c03.avi,33.308958306910064,0.9842128460589442,0.1324006183418685,3.606900483548284,277.2463516975803
Poisson,Rafting,v_Rafting_g19_c04.avi,33.62379986555579,0.9767372953397072,0.21535727394388077,3.66161529054033,273.1035132454983
Poisson,JumpingJack,v_JumpingJack_g13_c05.avi,32.81517114602909,0.9811926127910088,0.17707662852769046,3.542686246105076,282.27168045135994
Poisson,IceDancing,v_IceDancing_g02_c02.avi,32.91250196759326,0.9667437716221741,0.23237644112299358,3.6431153615315757,274.4903470692175
Poisson,HorseRiding,v_HorseRiding_g20_c04.avi,33.1166557422172,0.9907701285234203,0.10811670828450677,3.6174709811532426,276.4362188971042
Poisson,BrushingTeeth,v_BrushingTeeth_g25_c03.avi,34.21814557243431,0.9812573970083927,0.1838331387801604,3.5537676377729936,281.3914982428791
Poisson,GolfSwing,v_GolfSwing_g17_c02.avi,33.63285003374481,0.9732046842949328,0.1227686185836792,3.601024627685547,277.6987394953532
Poisson,WallPushups,v_WallPushups_g17_c02.avi,33.756106049958674,0.9852862042503734,0.1825150402692648,3.648713918832632,274.0691712876025
Poisson,SoccerPenalty,v_SoccerPenalty_g24_c05.avi,34.05461085215847,0.9848877757389828,0.2116587675850967,3.6191447027798356,276.3083772892275
Poisson,PoleVault,v_PoleVault_g06_c05.avi,33.16603439674392,0.9788428287200556,0.17799164606974674,3.669449916252723,272.520411185012
Poisson,RopeClimbing,v_RopeClimbing_g19_c02.avi,32.67798616882706,0.97549253548529,0.13682569676672507,3.6661373941521895,272.7666457877677
Poisson,BoxingSpeedBag,v_BoxingSpeedBag_g19_c04.avi,33.40339247887018,0.966907318855428,0.16965610735000125,3.5941392656356568,278.23073233728485
Poisson,TableTennisShot,v_TableTennisShot_g09_c03.avi,33.789296368230914,0.9863795857176706,0.1578659097869675,3.5852549912093523,278.9201890665766
Poisson,Knitting,v_Knitting_g03_c05.avi,32.342872030349895,0.9620858649661013,0.22339233587372978,3.6354964634157576,275.0655955969333
Poisson,FrisbeeCatch,v_FrisbeeCatch_g01_c02.avi,34.01405825759872,0.9776686506284418,0.20854998659342527,3.6130771040916443,276.7723940536851
Poisson,JugglingBalls,v_JugglingBalls_g22_c06.avi,33.08025601896477,0.979187435766995,0.10370774954322755,3.6092696227426604,277.0643660697497
Poisson,Skiing,v_Skiing_g10_c01.avi,35.63553847177487,0.980220699424192,0.18944799092508133,3.602207860639018,277.6075225771685
Poisson,BlowingCandles,v_BlowingCandles_g19_c03.avi,34.88600857179402,0.9535978803817526,0.22037791117377903,3.6297590836234717,275.5003781137265
Poisson,Billiards,v_Billiards_g14_c06.avi,33.435050660168514,0.9850227706605381,0.16164295339747092,3.533034601309194,283.0427982871841
Poisson,BasketballDunk,v_BasketballDunk_g03_c04.avi,32.6747039220907,0.9813574376409339,0.19528361970995678,3.702805366045163,270.06550470354995
Poisson,Lunges,v_Lunges_g09_c03.avi,33.249959280463564,0.9848719447255568,0.14643641855658554,3.6012754207704125,277.679400534734
Poisson,StillRings,v_StillRings_g13_c01.avi,33.838635026534526,0.9749034703991324,0.23194546038036176,3.542454377126269,282.2901563551613
Poisson,HulaHoop,v_HulaHoop_g10_c02.avi,33.70400535815136,0.9821137019681548,0.1665907035959829,3.5850812893102666,278.93370311622414
Poisson,BandMarching,v_BandMarching_g18_c02.avi,33.109534260198096,0.9766760303531501,0.21489202112795036,3.654008713838096,273.6720348292822
Poisson,Kayaking,v_Kayaking_g08_c05.avi,34.1666507532096,0.9823059697675861,0.13408768291656786,3.6524029878469615,273.7923507694548
Poisson,SkyDiving,v_SkyDiving_g06_c04.avi,33.104742134861844,0.9717428688905819,0.25171923792207396,3.646649323500596,274.2243389172533
Poisson,WalkingWithDog,v_WalkingWithDog_g18_c03.avi,33.887513466480144,0.9794460599456923,0.1924397421379884,3.56066624323527,280.84631686551626
Poisson,Skijet,v_Skijet_g08_c03.avi,34.81924390308167,0.9856093150746426,0.11810144653730986,3.5908746947512102,278.48368016341595
Poisson,CricketShot,v_CricketShot_g06_c06.avi,32.81243824374024,0.981372999333627,0.2003160323617021,3.6702212497327453,272.463138311571
Poisson,Shotput,v_Shotput_g08_c06.avi,34.56844401584474,0.9889041571471588,0.1257481037980259,3.502994480699596,285.470047272323
Poisson,SumoWrestling,v_SumoWrestling_g07_c02.avi,34.75837648241451,0.9822682459008407,0.21030102538879802,3.609736760457357,277.02851104114836
Poisson,YoYo,v_YoYo_g09_c04.avi,32.77616824178898,0.990274106401087,0.12683687674797187,3.590803361881924,278.4892123627467
Poisson,Drumming,v_Drumming_g14_c01.avi,34.51782758786302,0.9506567772911129,0.14846663049949232,3.6932895349901775,270.76133363658954
Poisson,BreastStroke,v_BreastStroke_g08_c04.avi,34.393717374135676,0.9926986474146057,0.1247994794917466,3.648657295572099,274.07342454813994
Poisson,HammerThrow,v_HammerThrow_g10_c04.avi,34.100700813131844,0.9789958727217369,0.2100910893975431,3.526908938894795,283.5343972088385
Poisson,JumpRope,v_JumpRope_g10_c03.avi,34.96062881759145,0.9791888692239242,0.14715251770635315,3.555347193155857,281.2664827573037
Poisson,ShavingBeard,v_ShavingBeard_g06_c05.avi,32.786216681135556,0.975103831875862,0.2179783854976006,3.575394080541924,279.68944890360996
